John, Smith, abcbcadbdcaddcbbaaad
Emily, Johnson, dccbadacdbabcdabbccd
Michael, Brown, aadbbccdadadbccabbac
Sarah, Davis, bcbddacaddbacabcabaa
James, Wilson, ddccbbaaabbccadddcba
Laura, Taylor, cadbdbcabcdbdcbadcad
Daniel, White, abbccdaabbddccbbacad
Olivia, Harris, dbaccbddacbdbccaddcb
Matthew, Clark, cbadddcabbccaddbadca
Sophia, Lewis, acbdcbaddccbbaadbcda
Andrew, Allen, ccbbadcaddbaccdabbba
Jessica, Hall, aadcbadcbbdcdbaccadb
David, Scott, bacddcbbadadcbaacddb
Emma, Moore, ddaccbabccbadcbaddab
Joshua, Adams, bbaacddacbccaddbdbca
Chloe, Hill, adbbccadabbddcacdabc
Ethan, Green, ccadbbaddcabdbbcacdd
Ava, Baker, dbbcaadcbadcbaddccab
Ryan, Carter, cbbaddacdbbddcabacda
Isabella, Miller, adccabbdbadcbadddabc
Benjamin, Young, bacaddcbbaabbccddadb
Mia, Anderson, ccbadacbddccbaadcadd
Liam, Martin, bbadcaddbccbadcbadca
Grace, Turner, aadcbabbddacccbdbcad
Noah, Cooper, cdabbddcabacccbbddaa
Alex, Rivera, baccbddcdbaccbbdaadc
Mia, Lopez, dcabaddbccaabbddacdc
Liam, Perez, accbddbccaddbccadadb
Sophia, Hunt, dcbadbcbaccbdcbadcca
Ethan, Grant, bbaccdaddbccbaddacbc
Ella, King, cadbcbadddaccbbadbca
Aiden, Brooks, ddbcacbacdcabbadcabb
Grace, Foster, cbaddbbccaddccbaddaa
Logan, Hayes, adccbadddbccabbcadbb
Aria, Powell, caddbccbaddacbddcbca
Lucas, Jenkins, bbdcabaddbccadcbdacc
Emily, Carter, cabdbcadcbbaddcaddcb
Jacob, Kelly, cddbccadabbaddbbccac
Charlotte, Ross, bbaddcbddaccbacdbcad
Oliver, Torres, cdbbacadddcbadcbadca
Scarlett, Price, bbacddcabdcbaccbddca
Nathan, Morris, dcabbadcaddbccdbbcad
Isabella, Gray, acbdcadbbccadabdcbbc
Matthew, Myers, cabdcaddbccbadcbadac
Zoey, Green, bbccaddbdcbaccbdabbca
David, Sanders, dcbaddcbacdcabbddacc
Layla, Reed, accbaddcbddcabdcacdb
Ryan, Perry, cabbddcbadcabbddcbdac
Lily, Baker, bdcbacdbcaddbbccaddca
Carter, Hughes, ddcbaddbacdcbbaccdab